ITL,ITL code,Region name,1998,1999,2000,2001,2002,2003,2004,2005,2006,2007,2008,2009,2010,2011,2012,2013,2014,2015,2016,2017,2018,2019,2020,2021,2022
UK,UK,United Kingdom,"58,474,943","58,684,427","58,886,065","59,113,016","59,365,677","59,636,662","59,950,364","60,413,276","60,826,967","61,319,075","61,823,772","62,260,486","62,759,456","63,285,145","63,715,943","64,149,121","64,634,893","65,109,358","65,636,941","66,000,892","66,332,727","66,679,607","66,796,967","67,044,988","67,596,279"
Other,TLB,England,"48,820,583","49,032,872","49,233,311","49,449,746","49,679,267","49,925,517","50,194,600","50,606,034","50,965,186","51,381,093","51,815,853","52,196,381","52,642,452","53,107,169","53,506,812","53,918,686","54,370,319","54,808,676","55,289,034","55,619,548","55,924,528","56,230,056","56,325,961","56,554,891","57,106,398"
ITL1,TLC,North East,"2,560,883","2,550,314","2,543,421","2,540,090","2,540,600","2,540,461","2,540,502","2,547,127","2,552,568","2,562,045","2,569,312","2,575,441","2,586,868","2,596,441","2,598,972","2,603,299","2,610,482","2,611,804","2,618,253","2,623,787","2,629,393","2,636,676","2,637,426","2,647,493","2,683,040"
ITL2,TLC1,Tees Valley and Durham,"1,149,732","1,147,357","1,146,998","1,145,911","1,145,555","1,146,290","1,147,588","1,151,006","1,154,698","1,159,628","1,164,126","1,166,314","1,171,381","1,176,022","1,177,283","1,178,584","1,181,036","1,182,799","1,185,354","1,188,601","1,190,189","1,193,188","1,193,651","1,199,812","1,216,883"
ITL3,TLC11,Hartlepool and Stockton-on-Tees,"269,103","270,524","272,328","273,947","274,933","275,833","276,004","276,807","278,051","278,906","280,418","281,508","282,675","283,912","285,181","286,388","287,471","287,915","288,672","289,352","289,797","289,261","288,590","289,607","293,827"
ITL3,TLC12,South Teesside,"284,411","282,565","281,444","280,392","278,610","277,615","277,094","276,694","275,790","275,130","274,397","273,140","273,050","273,532","273,423","273,426","274,136","274,972","275,993","276,797","277,333","278,833","279,030","280,548","285,460"
ITL3,TLC13,Darlington,"99,273","98,172","98,088","97,894","98,474","98,911","99,343","100,287","101,509","102,632","103,694","104,355","105,028","105,584","105,557","105,591","105,825","105,988","106,258","106,541","106,411","106,532","106,827","108,210","109,469"
ITL3,TLC14,Durham CC,"496,945","496,096","495,138","493,678","493,538","493,931","495,147","497,218","499,348","502,960","505,617","507,311","510,628","512,994","513,122","513,179","513,604","513,924","514,431","515,911","516,648","518,562","519,204","521,447","528,127"
ITL2,TLC2,"Northumberland, and Tyne and Wear","1,411,151","1,402,957","1,396,423","1,394,179","1,395,045","1,394,171","1,392,914","1,396,121","1,397,870","1,402,417","1,405,186","1,409,127","1,415,487","1,420,419","1,421,689","1,424,715","1,429,446","1,429,005","1,432,899","1,435,186","1,439,204","1,443,488","1,443,775","1,447,681","1,466,157"
ITL3,TLC21,Northumberland,"307,241","307,490","307,348","307,363","308,499","309,448","310,140","310,752","311,375","312,960","314,057","314,489","315,463","316,278","315,924","315,013","315,274","314,188","314,327","315,663","316,153","318,027","318,490","321,532","324,362"
ITL3,TLC22,Tyneside,"814,201","807,940","803,355","802,215","803,509","803,195","802,661","806,170","808,125","811,623","814,317","818,429","824,044","828,811","830,448","834,455","838,421","839,409","843,082","844,707","848,712","851,184","851,702","851,771","864,441"
ITL3,TLC23,Sunderland,"289,709","287,527","285,720","284,601","283,037","281,528","280,113","279,199","278,370","277,834","276,812","276,209","275,980","275,330","275,317","275,247","275,751","275,408","275,490","274,816","274,339","274,277","273,583","274,378","277,354"
ITL1,TLD,North West,"6,792,173","6,773,115","6,774,223","6,772,985","6,784,880","6,814,660","6,840,369","6,870,021","6,901,585","6,929,277","6,958,547","6,986,156","7,019,921","7,055,961","7,079,344","7,105,146","7,141,096","7,182,651","7,234,141","7,275,765","7,316,116","7,363,267","7,380,605","7,424,092","7,516,113"
ITL2,TLD1,Cumbria,"489,033","488,145","487,602","487,795","488,681","491,329","494,918","497,040","498,813","500,779","500,916","500,786","500,165","499,817","498,835","498,080","498,303","498,718","498,946","498,693","498,941","499,171","498,439","500,729","503,033"
ITL3,TLD11,West Cumbria,"236,590","236,398","235,111","234,755","234,251","234,746","235,441","235,479","235,875","236,591","236,819","236,815","236,359","236,127","234,819","233,885","233,708","233,549","233,163","232,020","231,722","231,281","230,566","230,922","231,319"
ITL3,TLD12,East Cumbria,"252,443","251,747","252,491","253,040","254,430","256,583","259,477","261,561","262,938","264,188","264,097","263,971","263,806","263,690","264,016","264,195","264,595","265,169","265,783","266,673","267,219","267,890","267,873","269,807","271,714"
ITL2,TLD3,Greater Manchester,"2,521,915","2,515,488","2,516,339","2,516,096","2,523,214","2,538,555","2,549,752","2,564,055","2,582,260","2,598,619","2,620,007","2,639,833","2,661,841","2,685,386","2,700,093","2,714,958","2,733,895","2,756,962","2,784,566","2,804,283","2,823,878","2,847,959","2,856,110","2,869,531","2,911,744"
ITL3,TLD33,Manchester,"417,726","416,438","421,799","422,915","428,221","436,727","444,925","455,745","463,749","470,538","477,408","483,784","492,598","502,902","506,869","510,783","515,360","523,321","533,446","536,961","540,675","545,947","547,340","550,630","568,996"
ITL3,TLD34,Greater Manchester South West,"435,799","432,969","429,976","427,150","427,372","430,343","432,050","434,966","439,300","442,827","447,721","452,013","457,071","461,578","465,933","470,085","474,401","479,446","485,272","490,007","494,847","499,732","502,027","506,452","514,365"
ITL3,TLD35,Greater Manchester South East,"502,058","499,391","497,319","497,644","496,713","496,402","496,035","494,669","494,685","495,703","497,837","499,680","501,388","502,980","504,410","506,262","508,631","511,852","515,359","517,597","520,066","523,124","524,372","526,488","529,860"
ITL3,TLD36,Greater Manchester North West,"562,610","562,385","562,168","562,755","564,672","567,660","569,469","571,159","574,839","577,722","582,468","587,412","591,464","595,418","597,847","600,366","603,287","605,836","608,747","612,169","615,498","621,274","623,562","625,965","633,013"
ITL3,TLD37,Greater Manchester North East,"603,722","604,305","605,077","605,632","606,236","607,423","607,273","607,516","609,687","611,829","614,573","616,944","619,320","622,508","625,034","627,462","632,216","636,507","641,742","647,549","652,792","657,882","658,809","659,996","665,510"
ITL2,TLD4,Lancashire,"1,412,688","1,410,858","1,414,141","1,417,265","1,420,076","1,427,668","1,434,024","1,440,141","1,445,983","1,449,418","1,451,175","1,452,916","1,457,298","1,461,295","1,465,418","1,470,467","1,475,344","1,481,431","1,488,803","1,496,853","1,503,339","1,513,857","1,520,252","1,532,158","1,550,490"
ITL3,TLD41,Blackburn with Darwen,"139,568","138,233","138,196","138,453","139,538","140,429","141,418","142,145","143,110","143,942","144,902","146,197","146,966","147,657","148,532","149,148","149,579","150,490","151,497","152,312","152,787","154,066","154,564","154,954","155,762"
ITL3,TLD42,Blackpool,"144,120","142,995","143,035","142,270","142,164","142,658","143,143","143,688","143,733","143,644","142,921","142,578","142,753","142,080","142,565","142,733","142,253","141,788","141,996","142,121","141,880","142,407","141,560","140,976","141,574"
ITL3,TLD44,Lancaster and Wyre,"237,158","238,098","238,567","239,849","240,072","241,881","243,232","244,952","245,117","244,710","244,057","244,070","245,032","245,515","245,918","246,192","246,234","246,563","247,146","247,385","248,014","249,339","251,290","254,785","259,255"
ITL3,TLD45,Mid Lancashire,"359,370","360,554","361,603","361,714","363,949","367,446","370,709","373,152","375,784","377,889","378,661","379,010","380,505","382,625","382,505","383,163","384,333","385,898","387,218","389,571","391,394","394,856","397,481","402,604","409,863"
ITL3,TLD46,East Lancashire,"324,789","324,295","324,626","325,940","324,461","323,978","323,156","323,119","324,124","324,151","324,572","324,796","324,836","325,210","325,942","327,336","329,227","330,738","333,110","335,444","338,159","340,683","341,981","343,832","346,045"
ITL3,TLD47,Chorley and West Lancashire,"207,683","206,683","208,114","209,039","209,892","211,276","212,366","213,085","214,115","215,082","216,062","216,265","217,206","218,208","219,956","221,895","223,718","225,954","227,836","230,020","231,105","232,506","233,376","235,007","237,991"
ITL2,TLD6,Cheshire,"861,767","860,850","862,976","865,460","867,620","871,894","874,687","879,968","885,010","890,926","894,700","897,196","899,913","902,971","907,646","913,337","921,067","927,267","934,711","942,398","948,975","956,163","959,568","969,386","979,801"
ITL3,TLD61,Warrington,"189,569","190,320","190,629","191,202","191,615","191,987","191,837","192,992","194,603","196,559","198,187","200,057","201,309","202,709","203,914","205,905","208,056","209,575","210,873","212,137","212,008","212,245","211,627","211,182","211,580"
ITL3,TLD62,Cheshire East,"352,066","350,932","351,234","352,104","353,348","355,529","357,354","359,807","362,049","365,003","367,160","368,023","369,051","370,736","372,501","373,956","376,574","378,511","381,414","384,221","386,891","390,556","393,203","400,474","406,527"
ITL3,TLD63,Cheshire West and Chester,"320,132","319,598","321,113","322,154","322,657","324,378","325,496","327,169","328,358","329,364","329,353","329,116","329,553","329,526","331,231","333,476","336,437","339,181","342,424","346,040","350,076","353,362","354,738","357,730","361,694"
ITL2,TLD7,Merseyside,"1,506,770","1,497,774","1,493,165","1,486,369","1,485,289","1,485,214","1,486,988","1,488,817","1,489,519","1,489,535","1,491,749","1,495,425","1,500,704","1,506,492","1,507,352","1,508,304","1,512,487","1,518,273","1,527,115","1,533,538","1,540,983","1,546,117","1,546,236","1,552,288","1,571,045"
ITL3,TLD71,East Merseyside,"449,744","448,184","447,275","446,623","445,589","444,970","444,914","444,657","445,262","445,198","445,835","445,978","446,403","447,030","448,037","448,710","450,682","452,060","454,008","455,755","458,852","461,790","464,018","466,942","470,795"
ITL3,TLD72,Liverpool,"453,238","448,417","446,050","441,858","443,784","444,960","448,091","452,278","453,055","453,582","454,468","457,523","461,403","465,656","465,365","465,815","465,745","469,953","475,486","479,801","483,598","484,687","483,348","485,022","496,770"
ITL3,TLD73,Sefton,"285,159","284,162","283,337","282,884","280,866","279,913","278,853","276,957","275,852","275,085","274,735","274,153","273,820","273,969","273,979","273,814","275,143","275,546","276,707","276,962","277,890","278,908","278,621","279,693","281,027"
ITL3,TLD74,Wirral,"318,629","317,011","316,503","315,004","315,050","315,371","315,130","314,925","315,350","315,670","316,711","317,771","319,078","319,837","319,971","319,965","320,917","320,714","320,914","321,020","320,643","320,732","320,249","320,631","322,453"
ITL1,TLE,Yorkshire and The Humber,"4,957,703","4,956,325","4,958,609","4,976,643","5,000,111","5,026,314","5,063,199","5,108,408","5,134,016","5,164,138","5,198,675","5,223,344","5,254,788","5,288,212","5,313,486","5,335,092","5,356,428","5,377,362","5,408,058","5,427,784","5,443,883","5,464,651","5,468,487","5,482,455","5,541,262"
ITL2,TLE1,East Yorkshire and Northern Lincolnshire,"876,664","874,966","873,900","875,682","880,339","887,042","894,919","900,831","903,857","908,016","912,437","913,088","915,263","918,047","920,439","921,431","924,757","925,798","930,712","933,578","934,259","935,933","935,988","936,778","942,957"
ITL3,TLE11,"Kingston upon Hull, City of","259,764","255,872","252,286","249,913","249,463","250,604","253,049","255,159","255,497","255,761","256,746","256,079","256,174","256,123","258,085","259,094","260,896","262,711","265,338","267,566","268,223","268,749","267,591","266,516","268,852"
ITL3,TLE12,East Riding of Yorkshire,"306,845","309,144","311,511","314,854","318,633","321,869","325,117","327,268","328,587","330,865","332,464","332,748","333,599","334,673","334,972","334,572","335,625","334,735","336,323","336,697","337,192","338,944","341,050","343,145","346,309"
ITL3,TLE13,North and North East Lincolnshire,"310,055","309,950","310,103","310,915","312,243","314,569","316,753","318,404","319,773","321,390","323,227","324,261","325,490","327,251","327,382","327,765","328,236","328,352","329,051","329,315","328,844","328,240","327,347","327,117","327,796"
ITL2,TLE2,North Yorkshire,"734,384","739,157","744,717","751,385","755,274","760,090","766,602","772,215","776,276","781,017","785,747","788,794","794,098","798,989","803,120","805,319","805,878","806,923","808,662","810,837","811,641","814,537","813,068","820,478","828,052"
ITL3,TLE21,York,"176,277","177,145","179,107","181,291","182,088","183,960","186,643","188,214","188,977","189,770","190,768","192,398","195,070","197,783","199,157","201,168","202,206","203,212","202,892","203,546","203,906","203,877","202,169","201,851","204,551"
ITL3,TLE22,North Yorkshire CC,"558,107","562,012","565,610","570,094","573,186","576,130","579,959","584,001","587,299","591,247","594,979","596,396","599,028","601,206","603,963","604,151","603,672","603,711","605,770","607,291","607,735","610,660","610,899","618,627","623,501"
ITL2,TLE3,South Yorkshire,"1,273,604","1,269,924","1,266,337","1,266,475","1,271,309","1,276,501","1,283,439","1,293,188","1,299,676","1,306,289","1,315,448","1,323,855","1,332,871","1,343,805","1,348,437","1,352,510","1,356,290","1,359,690","1,366,070","1,368,187","1,372,522","1,374,386","1,373,015","1,374,792","1,392,105"
ITL3,TLE31,"Barnsley, Doncaster and Rotherham","756,008","753,590","751,764","753,373","757,108","761,162","763,799","767,467","772,047","776,384","781,413","785,470","788,258","792,049","794,595","797,257","801,485","804,616","809,471","812,512","815,751","817,987","817,979","819,757","825,863"
ITL3,TLE32,Sheffield,"517,596","516,334","514,573","513,102","514,201","515,339","519,640","525,721","527,629","529,905","534,035","538,385","544,613","551,756","553,842","555,253","554,805","555,074","556,599","555,675","556,771","556,399","555,036","555,035","566,242"
ITL2,TLE4,West Yorkshire,"2,073,051","2,072,278","2,073,655","2,083,101","2,093,189","2,102,681","2,118,239","2,142,174","2,154,207","2,168,816","2,185,043","2,197,607","2,212,556","2,227,371","2,241,490","2,255,832","2,269,503","2,284,951","2,302,614","2,315,182","2,325,461","2,339,795","2,346,416","2,350,407","2,378,148"
ITL3,TLE41,Bradford,"468,001","466,933","467,124","470,753","475,184","479,166","484,650","491,361","495,658","501,357","507,323","512,392","518,002","523,115","525,522","528,712","531,795","534,919","538,178","540,447","542,542","545,966","547,141","546,839","552,644"
ITL3,TLE42,Leeds,"715,925","714,879","713,366","715,609","716,380","717,592","723,042","735,054","736,204","738,560","741,665","743,885","747,571","750,683","758,029","764,369","770,434","777,987","786,739","793,134","797,696","804,640","808,443","809,479","822,483"
ITL3,TLE44,Calderdale and Kirklees,"575,812","576,528","578,820","581,359","585,319","588,454","592,510","596,994","602,027","607,249","612,767","616,863","621,388","627,140","630,038","632,863","635,650","638,137","640,332","640,852","640,786","640,988","639,854","640,286","645,292"
ITL3,TLE45,Wakefield,"313,313","313,938","314,345","315,380","316,306","317,469","318,037","318,765","320,318","321,650","323,288","324,467","325,595","326,433","327,901","329,888","331,624","333,908","337,365","340,749","344,437","348,201","350,978","353,803","357,729"
ITL1,TLF,East Midlands,"4,132,645","4,152,443","4,168,076","4,189,622","4,221,753","4,255,080","4,291,476","4,329,112","4,366,676","4,404,774","4,441,125","4,471,653","4,507,071","4,537,448","4,570,702","4,604,568","4,642,629","4,681,640","4,731,615","4,778,346","4,815,151","4,844,001","4,855,469","4,881,559","4,934,939"
ITL2,TLF1,Derbyshire and Nottinghamshire,"1,974,703","1,977,966","1,978,848","1,983,362","1,994,738","2,007,042","2,020,561","2,034,828","2,045,045","2,056,005","2,069,957","2,083,210","2,098,381","2,110,326","2,121,441","2,131,614","2,141,352","2,150,694","2,164,887","2,176,697","2,186,393","2,194,954","2,197,772","2,204,080","2,230,289"
ITL3,TLF11,Derby,"230,893","231,252","230,794","230,726","231,979","232,827","234,501","236,470","238,110","239,917","241,865","243,980","247,035","248,943","251,804","253,812","255,320","257,406","259,883","261,104","262,395","263,014","261,999","261,260","263,490"
ITL3,TLF12,East Derbyshire,"266,359","266,655","266,903","267,646","268,699","270,399","271,678","272,787","273,761","274,916","275,928","276,735","277,940","278,917","279,660","280,004","280,442","281,213","281,972","282,577","282,722","283,703","284,386","286,440","289,446"
ITL3,TLF13,South and West Derbyshire,"458,840","461,457","464,994","467,242","469,710","471,843","473,792","476,222","478,888","481,678","485,310","487,582","490,008","491,771","492,930","493,998","495,884","496,160","497,985","500,305","502,204","505,177","506,447","510,270","514,018"
ITL3,TLF14,Nottingham,"277,365","273,537","270,739","268,939","271,769","275,547","279,624","284,834","286,459","288,164","290,783","294,808","299,753","303,899","307,436","308,681","310,339","313,265","317,625","320,378","322,323","323,160","322,822","319,978","328,513"
ITL3,TLF15,North Nottinghamshire,"417,360","420,812","421,439","423,736","426,260","429,933","433,604","436,474","439,461","442,225","445,655","448,063","450,206","452,058","454,006","457,370","460,377","463,266","467,208","471,083","473,259","474,867","475,550","478,627","483,397"
ITL3,TLF16,South Nottinghamshire,"323,886","324,253","323,979","325,073","326,321","326,493","327,362","328,041","328,366","329,105","330,416","332,042","333,439","334,738","335,605","337,749","338,990","339,384","340,214","341,250","343,490","345,033","346,568","347,505","351,425"
ITL2,TLF2,"Leicestershire, Rutland and Northamptonshire","1,531,948","1,541,768","1,549,065","1,558,620","1,571,435","1,584,841","1,598,500","1,616,960","1,636,217","1,655,030","1,670,388","1,682,844","1,696,885","1,712,354","1,729,454","1,747,053","1,768,296","1,792,595","1,820,587","1,848,618","1,871,477","1,887,784","1,894,087","1,908,039","1,929,126"
ITL3,TLF21,Leicester,"290,009","285,940","283,787","282,757","285,295","288,648","294,127","301,543","306,548","311,303","315,473","319,708","324,912","329,627","334,099","338,852","342,917","349,853","356,789","361,895","367,094","369,776","368,922","366,940","373,399"
ITL3,TLF22,Leicestershire CC and Rutland,"626,520","635,102","639,776","644,877","649,360","653,527","657,757","660,967","666,066","671,665","676,714","679,672","683,962","688,760","692,212","696,714","703,706","709,553","717,132","727,287","735,143","740,992","746,169","753,974","763,306"
ITL3,TLF24,West Northamptonshire,"340,110","342,215","343,409","345,893","349,123","351,689","353,110","357,438","362,435","365,907","368,454","371,268","373,456","376,008","380,827","385,699","391,024","397,939","405,019","411,732","417,242","422,168","422,559","426,707","429,013"
ITL3,TLF25,North Northamptonshire,"275,309","278,511","282,093","285,093","287,657","290,977","293,506","297,012","301,168","306,155","309,747","312,196","314,555","317,959","322,316","325,788","330,649","335,250","341,647","347,704","351,998","354,848","356,437","360,418","363,408"
ITL2,TLF3,Lincolnshire,"625,994","632,709","640,163","647,640","655,580","663,197","672,415","677,324","685,414","693,739","700,780","705,599","711,805","714,768","719,807","725,901","732,981","738,351","746,141","753,031","757,281","761,263","763,610","769,440","775,524"
ITL3,TLF30,Lincolnshire CC,"625,994","632,709","640,163","647,640","655,580","663,197","672,415","677,324","685,414","693,739","700,780","705,599","711,805","714,768","719,807","725,901","732,981","738,351","746,141","753,031","757,281","761,263","763,610","769,440","775,524"
ITL1,TLG,West Midlands,"5,271,352","5,271,959","5,269,626","5,280,727","5,301,243","5,325,475","5,346,376","5,380,687","5,415,521","5,451,924","5,496,240","5,528,007","5,565,866","5,608,667","5,640,325","5,676,945","5,716,882","5,756,287","5,812,248","5,855,052","5,889,328","5,920,977","5,931,924","5,956,226","6,021,653"
ITL2,TLG1,"Herefordshire, Worcestershire and Warwickshire","1,205,431","1,208,941","1,214,415","1,223,311","1,230,423","1,237,975","1,243,330","1,251,572","1,261,862","1,272,346","1,281,965","1,286,794","1,291,111","1,296,730","1,304,603","1,311,796","1,321,709","1,329,714","1,340,812","1,351,030","1,359,892","1,368,778","1,374,958","1,391,539","1,405,539"
ITL3,TLG11,"Herefordshire, County of","171,014","171,997","173,612","174,885","175,258","175,648","176,033","176,587","178,103","179,930","181,791","182,367","182,865","183,619","184,208","184,748","185,523","185,778","186,225","186,687","186,511","186,373","185,886","187,522","188,719"
ITL3,TLG12,Worcestershire CC,"535,342","537,379","539,613","542,233","544,474","547,271","548,660","551,332","554,700","558,035","560,790","562,296","564,080","566,557","570,119","573,870","578,732","582,465","587,962","592,040","594,992","598,250","599,819","604,902","609,216"
ITL3,TLG13,Warwickshire CC,"499,075","499,565","501,190","506,193","510,691","515,056","518,637","523,653","529,059","534,381","539,384","542,131","544,166","546,554","550,276","553,178","557,454","561,471","566,625","572,303","578,389","584,155","589,253","599,115","607,604"
ITL2,TLG2,Shropshire and Staffordshire,"1,479,300","1,480,814","1,483,811","1,489,401","1,494,456","1,502,020","1,509,054","1,517,252","1,527,631","1,537,820","1,548,213","1,554,097","1,562,817","1,572,204","1,576,889","1,583,336","1,589,753","1,594,911","1,605,586","1,614,523","1,622,313","1,631,108","1,635,490","1,646,436","1,662,298"
ITL3,TLG21,Telford and Wrekin,"152,900","153,730","155,846","158,573","159,401","159,848","160,603","161,535","162,710","163,368","164,089","164,889","165,641","166,831","167,964","169,014","170,610","172,898","175,352","177,528","179,548","182,081","183,483","185,857","188,871"
ITL3,TLG22,Shropshire CC,"277,374","279,294","281,479","283,254","284,901","286,913","288,810","291,523","294,531","297,633","300,473","302,069","304,523","307,108","307,921","308,181","309,436","310,751","312,836","315,232","317,112","319,729","321,054","324,669","327,178"
ITL3,TLG23,Stoke-on-Trent,"245,298","244,130","241,989","240,422","239,955","240,031","241,078","241,481","243,069","243,697","245,509","245,869","247,381","248,719","250,322","251,568","253,316","254,095","256,168","258,235","258,843","259,181","258,866","258,102","259,965"
ITL3,TLG24,Staffordshire CC,"803,728","803,660","804,497","807,152","810,199","815,228","818,563","822,713","827,321","833,122","838,142","841,270","845,272","849,546","850,682","854,573","856,391","857,167","861,230","863,528","866,810","870,117","872,087","877,808","886,284"
ITL2,TLG3,West Midlands,"2,586,621","2,582,204","2,571,400","2,568,015","2,576,364","2,585,480","2,593,992","2,611,863","2,626,028","2,641,758","2,666,062","2,687,116","2,711,938","2,739,733","2,758,833","2,781,813","2,805,420","2,831,662","2,865,850","2,889,499","2,907,123","2,921,091","2,921,476","2,918,251","2,953,816"
ITL3,TLG31,Birmingham,"991,380","989,712","985,119","984,642","990,384","996,356","1,002,376","1,014,650","1,020,843","1,029,021","1,038,980","1,050,072","1,061,074","1,074,283","1,084,661","1,094,531","1,103,724","1,114,932","1,131,271","1,139,893","1,146,050","1,150,646","1,148,692","1,143,285","1,157,603"
ITL3,TLG32,Solihull,"200,736","200,190","199,013","199,574","200,028","200,536","201,153","201,557","202,351","203,170","204,778","205,470","206,329","206,856","207,729","209,115","211,205","211,697","213,061","214,330","214,901","216,323","216,432","216,677","217,678"
ITL3,TLG33,Coventry,"305,005","304,840","303,066","302,804","301,295","300,665","298,174","298,386","300,129","301,429","305,186","307,393","311,674","316,915","318,141","322,146","325,066","331,112","337,064","340,034","342,811","343,715","344,702","344,151","355,600"
ITL3,TLG36,Dudley,"304,812","304,878","304,664","305,052","305,645","305,585","306,171","307,004","307,846","308,686","310,377","311,088","312,206","313,261","313,631","314,460","315,700","316,393","317,669","319,539","320,989","322,090","322,513","323,591","324,969"
ITL3,TLG37,Sandwell,"287,133","286,085","285,102","284,594","285,637","287,135","288,849","290,447","292,516","294,603","298,358","302,303","306,181","309,042","312,710","317,499","321,610","325,911","330,051","333,826","336,977","340,198","341,436","341,895","344,210"
ITL3,TLG38,Walsall,"255,540","255,808","254,899","253,333","254,287","255,352","256,702","258,172","259,454","260,939","263,034","264,774","266,834","269,524","270,517","271,704","273,764","275,490","278,429","281,229","282,921","284,600","284,578","284,392","286,105"
ITL3,TLG39,Wolverhampton,"242,015","240,691","239,537","238,016","239,088","239,851","240,567","241,647","242,889","243,910","245,349","246,016","247,640","249,852","251,444","252,358","254,351","256,127","258,305","260,648","262,474","263,519","263,123","264,260","267,651"
ITL1,TLH,East,"5,302,028","5,338,722","5,374,972","5,400,463","5,432,688","5,474,133","5,508,564","5,562,653","5,606,294","5,653,534","5,708,350","5,751,443","5,807,402","5,862,418","5,915,033","5,970,484","6,039,521","6,098,262","6,161,075","6,202,843","6,237,376","6,274,179","6,297,779","6,349,646","6,398,497"
ITL2,TLH1,East Anglia,"2,145,720","2,157,898","2,173,999","2,180,674","2,195,752","2,221,056","2,242,707","2,271,598","2,290,800","2,310,870","2,332,678","2,349,739","2,373,563","2,396,328","2,414,927","2,433,130","2,455,952","2,478,696","2,501,310","2,521,840","2,535,585","2,545,960","2,551,550","2,579,028","2,600,668"
ITL3,TLH11,Peterborough,"155,877","156,520","156,616","157,439","158,794","160,778","163,485","167,220","169,887","172,443","176,027","178,963","181,762","184,457","188,675","192,488","195,766","200,246","205,091","208,237","211,037","213,026","213,718","216,470","217,705"
ITL3,TLH12,Cambridgeshire CC,"544,946","547,582","551,368","554,704","558,916","568,743","574,445","583,651","588,890","594,338","600,808","606,238","614,899","622,312","628,779","634,996","643,025","651,011","657,286","661,465","665,676","668,649","671,281","680,747","689,109"
ITL3,TLH14,Suffolk CC,"664,034","667,342","672,506","669,913","674,579","681,408","689,087","697,837","702,961","709,144","714,348","718,183","723,976","730,133","732,697","734,875","740,175","744,501","747,783","753,590","755,345","757,321","756,668","763,349","768,555"
ITL3,TLH15,Norwich and East Norfolk,"326,569","327,973","329,890","332,125","333,204","335,822","338,212","341,380","343,762","345,402","347,345","349,452","352,469","354,322","357,012","359,671","361,456","363,493","367,445","369,999","372,847","373,469","374,546","375,634","378,259"
ITL3,TLH16,North and West Norfolk,"231,252","231,403","233,183","234,060","235,554","237,393","238,995","240,597","242,697","244,612","246,438","246,984","247,914","249,600","250,383","251,132","252,754","253,836","255,043","256,384","255,974","255,841","255,087","258,159","258,968"
ITL3,TLH17,Breckland and South Norfolk,"223,042","227,078","230,436","232,433","234,705","236,912","238,483","240,913","242,603","244,931","247,712","249,919","252,543","255,504","257,381","259,968","262,776","265,609","268,662","272,165","274,706","277,654","280,250","284,669","288,072"
ITL2,TLH2,Bedfordshire and Hertfordshire,"1,569,592","1,583,397","1,593,458","1,603,531","1,611,904","1,619,584","1,622,681","1,634,684","1,647,211","1,662,606","1,680,717","1,697,185","1,716,219","1,736,949","1,757,277","1,780,402","1,803,992","1,826,031","1,849,798","1,858,958","1,868,416","1,881,839","1,893,635","1,907,304","1,920,528"
ITL3,TLH21,Luton,"184,264","184,990","185,491","185,889","185,631","185,016","183,563","185,392","187,312","189,742","192,084","195,449","199,583","203,641","205,873","209,624","213,749","217,612","220,952","220,752","221,532","223,106","224,132","224,958","226,973"
ITL3,TLH23,Hertfordshire CC,"1,016,401","1,024,006","1,029,817","1,035,523","1,040,387","1,045,337","1,047,366","1,055,483","1,063,202","1,072,954","1,085,434","1,096,599","1,107,641","1,119,824","1,131,536","1,143,681","1,156,321","1,167,308","1,180,234","1,185,014","1,188,182","1,193,394","1,198,052","1,200,899","1,204,588"
ITL3,TLH24,Bedford,"141,556","143,765","146,146","148,113","149,589","150,684","151,308","151,747","152,346","153,107","154,164","154,808","156,535","157,840","160,344","163,672","166,856","170,149","173,703","175,537","178,288","180,651","182,346","185,796","187,466"
ITL3,TLH25,Central Bedfordshire,"227,371","230,636","232,004","234,006","236,297","238,547","240,444","242,062","244,351","246,803","249,035","250,329","252,460","255,644","259,524","263,425","267,066","270,962","274,909","277,655","280,414","284,688","289,105","295,651","301,501"
ITL2,TLH3,Essex,"1,586,716","1,597,427","1,607,515","1,616,258","1,625,032","1,633,493","1,643,176","1,656,371","1,668,283","1,680,058","1,694,955","1,704,519","1,717,620","1,729,141","1,742,829","1,756,952","1,779,577","1,793,535","1,809,967","1,822,045","1,833,375","1,846,380","1,852,594","1,863,314","1,877,301"
ITL3,TLH31,Southend-on-Sea,"163,820","162,915","161,585","160,362","161,159","161,437","161,488","162,645","163,776","165,429","168,150","170,013","172,122","174,274","175,196","176,350","178,610","179,203","180,465","181,405","181,877","182,115","181,276","180,655","180,915"
ITL3,TLH32,Thurrock,"138,698","139,469","141,513","143,297","144,728","145,977","147,056","148,556","150,206","151,741","153,633","155,003","156,585","158,268","160,026","161,702","164,451","166,622","168,977","170,966","173,113","174,924","175,803","175,933","176,877"
ITL3,TLH34,Essex Haven Gateway,"415,147","419,379","423,696","427,300","429,645","432,840","436,418","441,523","445,191","448,541","452,242","453,209","456,709","459,190","462,561","465,455","471,003","475,681","480,232","483,922","486,582","489,605","492,341","497,276","503,526"
ITL3,TLH35,West Essex,"263,934","265,962","267,507","268,740","269,351","269,810","270,379","271,669","274,181","276,274","278,783","281,308","284,299","287,089","291,225","295,175","300,303","303,267","306,065","308,711","311,779","315,519","317,466","320,290","321,976"
ITL3,TLH36,Heart of Essex,"280,743","282,053","283,629","285,341","287,215","289,590","292,703","294,774","295,912","297,125","298,648","300,686","302,587","304,052","305,498","307,577","311,128","312,883","315,619","317,795","318,886","321,594","322,917","325,549","328,212"
ITL3,TLH37,Essex Thames Gateway,"324,374","327,649","329,585","331,218","332,934","333,839","335,132","337,204","339,017","340,948","343,499","344,300","345,318","346,268","348,323","350,693","354,082","355,879","358,609","359,246","361,138","362,623","362,791","363,611","365,795"
ITL1,TLI,London,"7,065,497","7,153,912","7,236,712","7,322,403","7,376,671","7,394,817","7,432,730","7,519,009","7,597,825","7,693,473","7,812,161","7,942,594","8,061,495","8,204,407","8,320,767","8,438,987","8,547,192","8,659,545","8,743,651","8,776,229","8,833,335","8,889,743","8,867,008","8,804,769","8,866,180"
ITL2,TLI3,Inner London - West,"933,846","958,349","986,415","1,016,570","1,030,085","1,035,984","1,045,466","1,066,247","1,068,573","1,070,541","1,070,347","1,078,732","1,083,175","1,095,487","1,100,641","1,104,481","1,105,738","1,110,629","1,108,547","1,104,033","1,104,525","1,104,241","1,093,830","1,081,421","1,100,688"
ITL3,TLI31,Camden and City of London,"189,631","196,584","203,188","209,926","211,252","211,369","214,459","218,219","218,286","219,127","217,702","220,396","222,063","227,499","227,161","228,885","228,662","228,700","228,761","226,710","226,080","225,901","223,099","219,657","228,896"
ITL3,TLI32,Westminster,"184,652","189,233","196,478","203,329","208,100","211,009","214,557","223,132","222,829","220,619","218,673","216,980","217,187","219,582","219,539","215,907","214,341","215,876","213,193","210,459","209,868","208,415","205,624","205,759","211,365"
ITL3,TLI33,Kensington & Chelsea and Hammersmith & Fulham,"298,598","308,312","319,054","331,573","335,816","336,778","337,835","341,667","339,920","339,355","339,667","342,009","341,305","340,696","341,679","342,879","342,837","343,395","340,180","337,371","337,508","335,367","331,429","327,576","331,392"
ITL3,TLI34,Wandsworth,"260,965","264,220","267,695","271,742","274,917","276,828","278,615","283,229","287,538","291,440","294,305","299,347","302,620","307,710","312,262","316,810","319,898","322,658","326,413","329,493","331,069","334,558","333,678","328,429","329,035"
ITL2,TLI4,Inner London - East,"1,765,363","1,792,367","1,818,534","1,842,805","1,860,838","1,862,579","1,870,446","1,890,801","1,921,097","1,960,223","2,008,567","2,055,661","2,096,253","2,145,615","2,179,491","2,218,849","2,251,633","2,288,411","2,318,264","2,328,482","2,349,065","2,364,397","2,352,890","2,329,886","2,355,487"
ITL3,TLI41,Hackney and Newham,"429,707","439,604","448,844","456,657","466,243","468,629","468,015","470,310","478,187","490,765","507,519","523,069","540,910","557,642","564,943","572,598","581,719","592,251","600,229","603,167","610,780","615,611","613,807","611,338","620,136"
ITL3,TLI42,Tower Hamlets,"187,909","193,507","197,133","201,090","207,031","208,651","211,154","213,382","218,400","225,251","231,893","240,495","248,520","256,012","261,936","270,294","277,060","282,674","289,011","293,526","300,050","305,066","306,780","312,715","325,789"
ITL3,TLI43,Haringey and Islington,"394,531","394,276","397,697","400,638","404,592","405,926","407,303","412,748","418,457","425,429","436,548","446,509","452,871","461,825","468,074","477,658","483,887","491,193","496,882","495,998","495,693","495,710","490,552","481,367","482,184"
ITL3,TLI44,Lewisham and Southwark,"489,373","498,163","504,832","511,048","509,931","507,178","509,712","516,741","525,529","533,814","543,481","551,538","556,302","565,655","574,089","583,924","590,771","599,412","605,529","608,564","613,619","618,497","616,224","606,775","610,566"
ITL3,TLI45,Lambeth,"263,843","266,817","270,028","273,372","273,041","272,195","274,262","277,620","280,524","284,964","289,126","294,050","297,650","304,481","310,449","314,375","318,196","322,881","326,613","327,227","328,923","329,513","325,527","317,691","316,812"
ITL2,TLI5,Outer London - East and North East,"1,540,391","1,549,708","1,558,421","1,567,762","1,580,804","1,589,139","1,595,479","1,609,236","1,626,375","1,647,144","1,675,638","1,704,071","1,735,699","1,768,285","1,792,986","1,818,652","1,848,215","1,879,025","1,903,053","1,915,435","1,929,180","1,942,897","1,940,867","1,935,127","1,937,632"
ITL3,TLI51,Bexley and Greenwich,"428,640","429,626","433,155","436,217","440,599","444,319","448,107","452,885","457,270","461,160","466,400","471,818","479,882","488,257","494,795","500,205","507,417","515,657","522,774","526,870","531,017","534,827","535,308","536,174","538,915"
ITL3,TLI52,Barking & Dagenham and Havering,"384,617","388,156","389,034","390,371","391,411","391,458","391,379","393,265","395,355","398,820","404,245","411,707","419,072","424,956","431,399","438,754","448,015","456,899","465,534","471,446","475,527","480,124","481,133","480,800","484,695"
ITL3,TLI53,Redbridge and Waltham Forest,"458,248","459,195","461,164","463,908","468,049","471,527","473,776","478,307","486,321","495,630","507,550","518,575","529,097","541,137","549,012","557,939","566,443","575,601","581,450","584,042","588,636","592,795","591,277","588,277","586,798"
ITL3,TLI54,Enfield,"268,886","272,731","275,068","277,266","280,745","281,835","282,217","284,779","287,429","291,534","297,443","301,971","307,648","313,935","317,780","321,754","326,340","330,868","333,295","333,077","334,000","335,151","333,149","329,876","327,224"
ITL2,TLI6,Outer London - South,"1,128,731","1,137,408","1,145,567","1,152,942","1,153,551","1,153,420","1,155,498","1,163,648","1,170,481","1,179,573","1,192,022","1,203,297","1,213,616","1,227,471","1,245,990","1,262,477","1,276,004","1,289,523","1,299,513","1,303,737","1,308,552","1,317,367","1,320,140","1,313,625","1,314,866"
ITL3,TLI61,Bromley,"291,697","294,902","295,317","296,218","296,668","297,253","297,307","299,421","300,963","302,625","304,968","306,924","308,560","310,554","314,663","318,582","321,800","325,653","327,701","329,134","330,367","331,192","331,247","329,899","329,578"
ITL3,TLI62,Croydon,"333,046","332,066","334,241","335,112","335,415","335,919","337,134","339,052","340,449","344,029","349,308","352,763","357,951","364,815","369,617","374,270","378,244","381,277","384,382","385,567","386,999","390,643","392,101","390,691","392,224"
ITL3,TLI63,"Merton, Kingston upon Thames and Sutton","503,988","510,440","516,009","521,612","521,468","520,248","521,057","525,175","529,069","532,919","537,746","543,610","547,105","552,102","561,710","569,625","575,960","582,593","587,430","589,036","591,186","595,532","596,792","593,035","593,064"
ITL2,TLI7,Outer London - West and North West,"1,697,166","1,716,080","1,727,775","1,742,324","1,751,393","1,753,695","1,765,841","1,789,077","1,811,299","1,835,992","1,865,587","1,900,833","1,932,752","1,967,549","2,001,659","2,034,528","2,065,602","2,091,957","2,114,274","2,124,542","2,142,013","2,160,841","2,159,281","2,144,710","2,157,507"
ITL3,TLI71,Barnet,"308,345","313,469","315,784","319,481","320,552","321,802","323,723","327,541","330,801","334,837","339,212","345,829","351,438","357,538","363,260","368,611","373,853","377,826","382,925","384,117","387,574","390,590","391,046","388,955","389,101"
ITL3,TLI72,Brent,"259,908","260,317","264,945","269,620","269,871","268,323","268,335","270,939","276,504","283,273","290,901","298,118","304,785","312,245","317,984","324,345","329,981","335,605","339,524","342,439","345,558","347,424","343,988","339,248","341,221"
ITL3,TLI73,Ealing,"296,274","302,252","304,370","307,276","309,242","308,108","310,073","312,774","315,329","318,671","324,022","329,966","334,073","339,314","344,834","350,650","354,660","359,144","362,163","362,670","364,208","367,284","367,936","366,762","369,937"
ITL3,TLI74,Harrow and Hillingdon,"450,249","452,962","455,025","455,660","459,399","461,782","464,958","472,539","478,019","483,336","490,618","499,160","506,916","515,998","525,063","533,000","541,843","549,319","554,768","557,350","562,124","567,706","568,741","566,266","571,866"
ITL3,TLI75,Hounslow and Richmond upon Thames,"382,390","387,080","387,651","390,287","392,329","393,680","398,752","405,284","410,646","415,875","420,834","427,760","435,540","442,454","450,518","457,922","465,265","470,063","474,894","477,966","482,549","487,837","487,570","483,479","485,382"
ITL1,TLJ,South East,"7,888,838","7,955,124","7,990,598","8,023,449","8,045,192","8,087,924","8,133,100","8,202,896","8,270,861","8,351,391","8,426,399","8,490,922","8,577,771","8,652,784","8,731,840","8,809,382","8,893,930","8,969,638","9,053,011","9,105,076","9,150,245","9,193,770","9,225,273","9,295,829","9,379,833"
ITL2,TLJ1,"Berkshire, Buckinghamshire and Oxfordshire","2,067,712","2,083,133","2,094,772","2,102,395","2,104,641","2,115,498","2,125,892","2,148,393","2,167,530","2,189,942","2,211,708","2,230,698","2,254,528","2,275,173","2,304,463","2,334,187","2,362,949","2,391,466","2,420,592","2,438,363","2,457,736","2,475,951","2,492,612","2,521,231","2,549,668"
ITL3,TLJ11,Berkshire,"795,782","796,786","800,668","803,280","801,321","801,706","803,833","811,837","820,084","830,314","840,928","848,612","857,570","863,937","876,112","887,207","897,767","909,113","920,301","926,825","934,602","940,145","945,073","951,031","958,803"
ITL3,TLJ12,Milton Keynes,"202,861","206,664","209,803","212,707","215,061","217,597","219,521","223,462","227,225","231,033","235,625","240,178","245,450","249,895","254,003","259,672","264,948","269,783","274,231","276,588","278,892","281,434","283,707","288,312","292,180"
ITL3,TLJ13,Buckinghamshire CC,"472,078","475,883","477,186","479,131","478,768","480,164","482,126","485,526","489,348","493,501","496,371","498,813","502,820","506,550","512,105","517,918","523,613","529,999","535,519","538,762","541,983","545,859","549,066","555,161","560,409"
ITL3,TLJ14,Oxfordshire CC,"596,991","603,800","607,115","607,277","609,491","616,031","620,412","627,568","630,873","635,094","638,784","643,095","648,688","654,791","662,243","669,390","676,621","682,571","690,541","696,188","702,259","708,513","714,766","726,727","738,276"
ITL2,TLJ2,"Surrey, East and West Sussex","2,512,816","2,542,247","2,549,741","2,558,218","2,563,405","2,574,651","2,585,983","2,603,961","2,627,332","2,653,974","2,676,436","2,695,658","2,722,104","2,744,447","2,766,941","2,790,609","2,814,540","2,834,923","2,857,233","2,868,837","2,878,969","2,889,145","2,894,279","2,914,357","2,935,561"
ITL3,TLJ21,Brighton and Hove,"246,816","248,008","248,791","249,949","249,743","249,846","249,847","252,863","255,564","258,161","262,019","265,584","269,495","272,952","274,051","275,494","275,999","277,351","279,796","279,500","281,250","279,920","278,496","276,454","277,965"
ITL3,TLJ22,East Sussex CC,"484,999","489,381","491,676","493,130","496,927","501,148","505,007","508,519","511,525","515,891","519,197","520,370","523,651","527,209","530,358","533,183","537,577","540,620","543,389","544,697","544,719","545,261","544,582","546,861","550,720"
ITL3,TLJ25,West Surrey,"694,769","704,690","705,275","706,810","706,242","708,136","708,986","713,668","721,277","728,876","733,072","738,794","746,616","752,986","758,887","766,239","772,481","778,109","783,630","784,943","785,155","788,806","790,933","797,765","803,251"
ITL3,TLJ26,East Surrey,"345,392","351,042","351,741","353,353","353,230","354,638","356,156","358,113","361,564","366,763","371,170","374,871","379,188","382,381","386,124","390,392","394,514","396,309","398,550","400,160","401,597","403,418","404,914","408,229","411,289"
ITL3,TLJ27,West Sussex (South West),"396,396","401,694","403,821","404,867","407,661","409,750","412,719","414,643","417,405","420,403","423,344","425,197","427,863","430,138","435,159","439,353","443,669","448,066","452,367","456,913","459,342","461,637","462,307","466,022","469,201"
ITL3,TLJ28,West Sussex (North East),"344,444","347,432","348,437","350,109","349,602","351,133","353,268","356,155","359,997","363,880","367,634","370,842","375,291","378,781","382,362","385,948","390,300","394,468","399,501","402,624","406,906","410,103","413,047","419,026","423,135"
ITL2,TLJ3,Hampshire and Isle of Wight,"1,756,246","1,766,641","1,772,932","1,781,938","1,787,916","1,797,570","1,808,382","1,823,227","1,832,887","1,843,860","1,856,723","1,869,067","1,886,496","1,901,813","1,914,030","1,923,481","1,936,277","1,950,196","1,966,660","1,976,517","1,981,860","1,985,982","1,990,047","2,001,786","2,018,711"
ITL3,TLJ31,Portsmouth,"189,119","187,768","187,820","188,043","188,476","190,283","193,483","196,318","195,964","194,907","196,036","198,983","202,700","205,433","205,729","205,905","206,200","207,873","209,951","210,965","211,215","210,412","209,142","207,119","208,420"
ITL3,TLJ32,Southampton,"215,530","216,057","217,273","219,539","220,459","221,989","223,589","226,655","226,698","227,223","228,447","230,017","233,085","235,870","238,097","239,484","241,230","244,666","248,662","250,492","250,803","249,428","248,679","247,672","252,689"
ITL3,TLJ34,Isle of Wight,"128,575","129,997","131,431","132,925","133,908","134,783","135,891","137,179","137,727","138,289","138,675","138,361","138,364","138,392","138,632","138,146","138,899","139,316","139,650","141,277","141,665","141,764","140,915","140,885","140,794"
ITL3,TLJ35,South Hampshire,"410,616","414,269","417,039","417,971","418,885","420,172","421,000","422,354","425,236","428,904","432,286","434,564","438,034","441,235","443,543","444,778","447,494","448,786","451,429","452,700","453,432","454,175","455,473","458,551","460,621"
ITL3,TLJ36,Central Hampshire,"491,448","493,853","494,744","496,104","498,432","500,603","502,957","505,663","508,558","512,597","516,088","519,449","523,276","526,317","528,822","532,509","536,305","540,269","543,671","546,088","548,523","551,324","554,274","561,488","566,400"
ITL3,TLJ37,North Hampshire,"320,958","324,697","324,625","327,356","327,756","329,740","331,462","335,058","338,704","341,940","345,191","347,693","351,037","354,566","359,207","362,659","366,149","369,286","373,297","374,995","376,222","378,879","381,564","386,071","389,787"
ITL2,TLJ4,Kent,"1,552,064","1,563,103","1,573,153","1,580,898","1,589,230","1,600,205","1,612,843","1,627,315","1,643,112","1,663,615","1,681,532","1,695,499","1,714,643","1,731,351","1,746,406","1,761,105","1,780,164","1,793,053","1,808,526","1,821,359","1,831,680","1,842,692","1,848,335","1,858,455","1,875,893"
ITL3,TLJ41,Medway,"245,341","246,383","248,474","249,704","250,262","251,159","251,459","252,098","253,478","255,824","258,224","260,230","262,738","264,885","268,144","271,084","273,977","276,037","277,504","278,652","278,827","279,852","280,364","279,903","282,702"
ITL3,TLJ43,Kent Thames Gateway,"297,228","299,699","302,307","304,870","306,023","307,928","310,074","313,390","316,316","320,459","325,060","328,484","332,393","335,694","339,762","343,728","349,191","353,506","357,912","361,761","365,944","371,029","373,302","375,920","380,409"
ITL3,TLJ44,East Kent,"456,628","459,955","462,253","463,122","466,246","471,072","476,187","480,203","483,464","488,777","492,453","494,510","500,195","504,919","507,154","510,269","514,540","516,602","520,253","522,054","522,980","523,294","522,853","523,878","525,949"
ITL3,TLJ45,Mid Kent,"236,052","238,013","240,010","242,140","244,715","246,882","249,506","252,762","256,766","261,027","264,279","267,288","270,714","274,169","277,648","281,158","285,249","288,692","292,280","296,164","299,675","302,282","304,703","309,918","316,038"
ITL3,TLJ46,West Kent,"316,815","319,053","320,109","321,062","321,984","323,164","325,617","328,862","333,088","337,528","341,516","344,987","348,603","351,684","353,698","354,866","357,207","358,216","360,577","362,728","364,254","366,235","367,113","368,836","370,795"
ITL1,TLK,South West,"4,849,464","4,880,958","4,917,074","4,943,364","4,976,129","5,006,653","5,038,284","5,086,121","5,119,840","5,170,537","5,205,044","5,226,821","5,261,270","5,300,831","5,336,343","5,374,783","5,422,159","5,471,487","5,526,982","5,574,666","5,609,701","5,642,792","5,661,990","5,712,822","5,764,881"
ITL2,TLK1,"Gloucestershire, Wiltshire and Bath/Bristol Area","2,135,312","2,152,018","2,163,917","2,172,668","2,183,968","2,198,596","2,214,993","2,239,866","2,258,006","2,281,871","2,300,348","2,315,353","2,332,984","2,352,437","2,370,976","2,393,009","2,417,029","2,444,946","2,474,843","2,496,656","2,516,124","2,533,794","2,547,050","2,565,460","2,592,503"
ITL3,TLK11,"Bristol, City of","389,398","390,985","390,446","390,049","389,735","391,454","395,743","405,407","408,428","411,901","414,822","418,990","423,044","428,074","433,264","438,984","443,834","451,790","459,588","463,113","467,026","469,920","471,851","471,285","479,024"
ITL3,TLK12,"Bath and North East Somerset, North Somerset and South Gloucestershire","590,256","595,441","601,025","603,983","607,292","610,860","614,587","619,197","623,490","628,773","632,388","634,801","638,705","642,046","646,804","653,313","658,522","665,303","673,975","678,974","685,568","690,279","695,006","700,690","709,528"
ITL3,TLK13,Gloucestershire CC,"555,718","561,021","564,582","564,999","566,445","569,281","572,641","576,908","580,702","585,415","587,610","590,480","594,097","598,289","601,301","605,213","611,331","617,671","624,076","629,712","634,653","638,676","640,572","646,485","652,409"
ITL3,TLK14,Swindon,"177,804","179,329","179,613","180,129","182,110","184,368","186,390","189,684","192,345","196,942","201,521","204,371","206,939","209,709","212,801","215,994","218,998","221,805","224,498","227,680","230,174","231,934","232,574","233,760","235,657"
ITL3,TLK15,Wiltshire,"422,136","425,242","428,251","433,508","438,386","442,633","445,632","448,670","453,041","458,840","464,007","466,711","470,199","474,319","476,806","479,505","484,344","488,377","492,706","497,177","498,703","502,985","507,047","513,240","515,885"
ITL2,TLK2,Dorset and Somerset,"1,170,852","1,175,769","1,184,602","1,192,132","1,202,336","1,208,640","1,214,470","1,223,633","1,230,959","1,244,681","1,252,911","1,257,107","1,266,686","1,276,919","1,284,879","1,292,599","1,302,733","1,312,019","1,324,288","1,332,944","1,337,827","1,342,868","1,343,544","1,354,500","1,362,024"
ITL3,TLK23,Somerset CC,"486,347","490,430","493,940","498,707","503,132","506,790","510,659","514,338","517,252","522,150","525,668","526,592","528,609","531,581","535,842","539,465","544,312","548,792","554,806","558,895","562,159","564,987","566,310","573,100","576,852"
ITL3,TLK24,"Bournemouth, Christchurch and Poole","344,485","344,425","345,785","346,829","348,717","348,483","348,506","351,616","353,901","359,462","363,158","366,948","373,760","379,441","382,465","385,483","389,727","392,499","397,066","399,374","400,064","400,182","399,564","400,155","401,898"
ITL3,TLK25,Dorset,"340,020","340,914","344,877","346,596","350,487","353,367","355,305","357,679","359,806","363,069","364,085","363,567","364,317","365,897","366,572","367,651","368,694","370,728","372,416","374,675","375,604","377,699","377,670","381,245","383,274"
ITL2,TLK3,Cornwall and Isles of Scilly,"488,031","492,588","497,473","502,077","506,814","510,734","514,020","517,308","520,248","524,250","527,306","528,616","532,022","535,984","539,660","542,275","545,966","549,572","553,439","559,091","562,127","565,793","567,075","574,219","577,694"
ITL3,TLK30,Cornwall and Isles of Scilly,"488,031","492,588","497,473","502,077","506,814","510,734","514,020","517,308","520,248","524,250","527,306","528,616","532,022","535,984","539,660","542,275","545,966","549,572","553,439","559,091","562,127","565,793","567,075","574,219","577,694"
ITL2,TLK4,Devon,"1,055,269","1,060,583","1,071,082","1,076,487","1,083,011","1,088,683","1,094,801","1,105,314","1,110,627","1,119,735","1,124,479","1,125,745","1,129,578","1,135,491","1,140,828","1,146,900","1,156,431","1,164,950","1,174,412","1,185,975","1,193,623","1,200,337","1,204,321","1,218,643","1,232,660"
ITL3,TLK41,Plymouth,"242,895","241,977","241,721","240,954","242,550","243,390","244,037","247,516","249,178","251,237","252,488","253,116","254,227","256,589","257,886","259,549","261,980","263,088","264,440","265,294","265,689","265,041","264,830","264,768","266,862"
ITL3,TLK42,Torbay,"124,926","126,311","128,475","129,965","130,521","131,238","131,937","132,178","131,857","132,172","132,070","131,641","131,443","131,193","131,806","132,920","134,217","135,052","136,172","137,329","138,100","138,754","138,695","139,440","139,479"
ITL3,TLK43,Devon CC,"687,448","692,295","700,886","705,568","709,940","714,055","718,827","725,620","729,592","736,326","739,921","740,988","743,908","747,709","751,136","754,431","760,234","766,810","773,800","783,352","789,834","796,542","800,796","814,435","826,319"
ITL1,TLL,Wales,"2,899,521","2,900,599","2,906,870","2,910,232","2,922,876","2,937,721","2,957,422","2,969,309","2,985,668","3,006,299","3,025,867","3,038,872","3,049,971","3,063,758","3,070,928","3,071,058","3,073,788","3,072,739","3,077,165","3,081,366","3,083,840","3,087,732","3,104,483","3,105,633","3,131,640"
ITL2,TLL1,West Wales and The Valleys,"1,853,497","1,852,377","1,853,044","1,854,674","1,861,745","1,871,384","1,882,823","1,887,854","1,897,140","1,908,342","1,917,774","1,922,374","1,927,348","1,933,537","1,936,363","1,933,724","1,933,880","1,931,865","1,932,100","1,930,950","1,929,696","1,930,243","1,938,895","1,936,750","1,946,063"
ITL3,TLL11,Isle of Anglesey,"67,692","67,978","67,898","67,806","67,879","68,140","68,753","69,095","69,388","69,700","69,916","69,884","69,833","69,913","69,964","69,880","69,761","69,415","68,826","68,617","68,539","68,278","68,794","68,937","69,049"
ITL3,TLL12,Gwynedd,"117,384","116,362","116,699","116,844","117,344","118,022","118,721","118,641","119,070","119,398","119,746","120,344","121,155","121,523","121,439","120,403","119,796","119,632","118,958","118,881","118,129","117,584","118,180","117,072","117,591"
ITL3,TLL13,Conwy and Denbighshire,"199,421","199,831","201,176","202,744","204,102","205,120","206,282","206,352","206,987","208,308","209,110","209,067","208,834","209,245","209,551","209,691","210,370","210,071","210,114","209,452","208,983","208,962","210,209","210,835","210,848"
ITL3,TLL14,South West Wales,"356,371","358,042","360,354","362,127","364,274","366,861","369,690","370,918","373,124","376,280","378,622","379,051","380,195","381,867","383,042","382,641","381,694","379,849","379,323","378,586","377,929","378,196","381,384","382,481","385,094"
ITL3,TLL15,Central Valleys,"291,622","290,420","288,588","288,117","287,791","288,316","289,991","290,329","291,120","291,644","292,412","292,899","292,952","293,224","294,140","293,936","294,143","294,155","294,814","295,694","296,034","296,829","297,233","296,414","297,901"
ITL3,TLL16,Gwent Valleys,"330,568","330,723","330,796","330,458","330,928","331,310","332,119","332,609","334,171","335,646","337,173","338,208","338,959","339,784","339,351","338,264","338,116","337,508","336,878","336,077","335,973","335,802","336,361","335,442","336,004"
ITL3,TLL17,Bridgend and Neath Port Talbot,"264,737","263,941","263,058","263,115","264,672","267,265","269,091","270,563","272,487","274,906","276,656","277,320","278,109","279,290","279,679","279,672","280,772","281,881","283,887","284,377","284,925","285,885","287,742","287,672","288,294"
ITL3,TLL18,Swansea,"225,702","225,080","224,475","223,463","224,755","226,350","228,176","229,347","230,793","232,460","234,139","235,601","237,311","238,691","239,197","239,237","239,228","239,354","239,300","239,266","239,184","238,707","238,992","237,897","241,282"
ITL2,TLL2,East Wales,"1,046,024","1,048,222","1,053,826","1,055,558","1,061,131","1,066,337","1,074,599","1,081,455","1,088,528","1,097,957","1,108,093","1,116,498","1,122,623","1,130,221","1,134,565","1,137,334","1,139,908","1,140,874","1,145,065","1,150,416","1,154,144","1,157,489","1,165,588","1,168,883","1,185,577"
ITL3,TLL21,Monmouthshire and Newport,"221,249","220,595","221,390","222,626","224,144","225,726","227,145","228,228","229,647","230,968","232,853","234,310","235,819","237,293","238,383","239,408","240,014","240,815","242,950","245,025","247,056","248,503","250,894","252,850","255,392"
ITL3,TLL22,Cardiff and Vale of Glamorgan,"426,898","428,264","430,719","429,365","432,300","434,226","439,200","443,878","447,408","452,928","458,503","463,818","467,837","472,121","474,787","476,440","477,663","477,861","480,064","482,725","484,290","486,939","491,511","492,315","505,581"
ITL3,TLL23,Flintshire and Wrexham,"272,439","273,731","275,583","277,169","277,542","278,090","278,686","279,139","280,436","282,079","283,872","285,280","286,089","287,736","288,249","288,767","289,422","289,253","289,520","290,206","290,831","290,491","290,984","290,197","290,713"
ITL3,TLL24,Powys,"125,438","125,632","126,134","126,398","127,145","128,295","129,568","130,210","131,037","131,982","132,865","133,090","132,878","133,071","133,146","132,719","132,809","132,945","132,531","132,460","131,967","131,556","132,199","133,521","133,891"
ITL1,TLM,Scotland,"5,077,070","5,071,950","5,062,940","5,064,200","5,066,000","5,068,500","5,084,300","5,110,200","5,133,000","5,170,000","5,202,900","5,231,900","5,262,200","5,299,900","5,313,600","5,327,700","5,347,600","5,373,000","5,404,700","5,424,800","5,438,100","5,463,300","5,466,000","5,479,900","5,447,698"
ITL2,TLM5,North Eastern Scotland,"441,870","441,870","440,360","438,850","439,510","440,530","442,510","446,260","450,810","456,860","460,850","466,040","471,160","476,110","480,470","484,840","489,450","492,310","492,030","490,600","489,030","489,880","489,840","490,120","487,240"
ITL3,TLM50,Aberdeen City and Aberdeenshire,"441,870","441,870","440,360","438,850","439,510","440,530","442,510","446,260","450,810","456,860","460,850","466,040","471,160","476,110","480,470","484,840","489,450","492,310","492,030","490,600","489,030","489,880","489,840","490,120","487,240"
ITL2,TLM6,Highlands and Islands,"436,056","435,652","434,143","433,520","434,709","438,235","442,702","447,688","451,289","455,676","460,102","462,431","465,173","467,058","466,135","467,331","467,337","468,444","469,359","469,524","469,365","469,441","468,396","472,899",[u]
ITL3,TLM61,"Caithness and Sutherland, and Ross and Cromarty","89,686","89,376","89,035","88,384","88,583","89,129","90,133","91,278","91,902","92,573","93,516","93,861","94,119","94,428","94,314","94,032","93,798","93,697","93,947","93,634","93,605","93,827","93,527","94,501",[u]
ITL3,TLM62,"Inverness and Nairn, Moray, Badenoch and Strathspey","174,280","174,983","175,375","176,595","177,957","180,136","182,248","184,892","187,509","190,506","193,839","195,458","197,485","198,876","198,605","200,233","201,168","202,975","203,951","204,289","204,376","204,768","204,812","206,504",[u]
ITL3,TLM63,"Lochaber, Skye and Lochalsh, Arran and Cumbrae, and Argyll and Bute","102,260","102,153","101,473","100,911","100,489","101,050","101,751","102,268","102,268","102,457","102,247","101,952","101,689","101,404","100,916","100,906","100,321","99,832","99,511","99,571","99,374","98,936","98,287","99,774",[u]
ITL3,TLM64,Na h-Eileanan Siar,"27,540","27,210","26,790","26,450","26,350","26,430","26,650","26,930","27,060","27,210","27,280","27,420","27,600","27,690","27,560","27,400","27,250","27,070","26,900","26,950","26,830","26,720","26,500","26,640","26,483"
ITL3,TLM65,Orkney Islands,"19,590","19,420","19,290","19,220","19,330","19,540","19,830","20,070","20,340","20,580","20,740","20,940","21,220","21,420","21,530","21,560","21,580","21,670","21,850","22,000","22,190","22,270","22,400","22,540","22,408"
ITL3,TLM66,Shetland Islands,"22,700","22,510","22,180","21,960","22,000","21,950","22,090","22,250","22,210","22,350","22,480","22,800","23,060","23,240","23,210","23,200","23,220","23,200","23,200","23,080","22,990","22,920","22,870","22,940","22,805"
ITL2,TLM7,Eastern Scotland,"1,785,480","1,789,710","1,794,250","1,797,270","1,799,550","1,801,040","1,808,930","1,822,520","1,834,210","1,849,920","1,863,910","1,876,490","1,891,210","1,910,240","1,920,780","1,928,450","1,939,570","1,953,570","1,970,280","1,982,530","1,991,830","2,005,240","2,009,100","2,014,400","2,002,564"
ITL3,TLM71,Angus and Dundee City,"259,470","257,530","255,460","253,830","253,180","252,780","253,270","254,940","255,860","257,240","258,780","260,000","261,470","263,400","264,000","264,390","264,870","265,110","264,790","264,990","264,790","265,520","264,640","263,840","262,290"
ITL3,TLM72,Clackmannanshire and Fife,"394,950","395,270","396,510","397,840","398,880","399,500","401,730","404,620","406,800","409,340","411,230","412,710","413,940","416,800","417,490","418,180","418,440","419,440","421,680","422,860","423,310","425,090","425,420","426,270","423,765"
ITL3,TLM73,East Lothian and Midlothian,"168,480","169,740","171,020","171,130","171,940","171,920","172,400","172,780","173,840","175,940","179,030","180,240","181,500","183,370","185,100","186,100","188,310","190,440","192,700","194,930","197,130","199,550","201,050","204,260","203,060"
ITL3,TLM75,City of Edinburgh,"446,240","447,190","448,430","449,020","447,500","445,300","445,870","449,470","452,040","456,040","458,520","463,230","469,930","477,940","482,630","487,460","492,610","498,810","507,170","513,210","518,500","524,930","527,620","526,470","523,376"
ITL3,TLM76,Falkirk,"143,880","144,570","144,650","145,270","145,920","146,800","148,300","150,130","151,090","152,320","153,290","154,210","155,130","156,250","156,800","157,160","157,690","158,460","159,380","160,130","160,340","160,890","160,560","160,700","159,756"
ITL3,TLM77,"Perth and Kinross, and Stirling","219,260","220,650","221,130","221,150","221,760","223,050","223,820","225,570","227,470","229,570","231,670","233,060","235,150","237,180","238,750","239,000","240,450","242,760","244,430","245,100","245,620","246,160","245,990","247,280","245,827"
ITL3,TLM78,West Lothian,"153,200","154,760","157,050","159,030","160,370","161,690","163,540","165,010","167,110","169,470","171,390","173,040","174,090","175,300","176,010","176,160","177,200","178,550","180,130","181,310","182,140","183,100","183,820","185,580","184,490"
ITL2,TLM8,West Central Scotland,"1,490,131","1,483,959","1,475,808","1,475,692","1,473,293","1,467,859","1,464,382","1,464,568","1,464,821","1,470,302","1,476,657","1,483,808","1,489,925","1,499,624","1,500,121","1,501,845","1,506,786","1,514,084","1,527,181","1,535,234","1,541,026","1,550,311","1,552,095","1,552,274",[u]
ITL3,TLM81,"East Dunbartonshire, West Dunbartonshire, and Helensburgh and Lomond","231,431","230,639","230,018","229,392","228,363","227,159","225,472","224,188","224,281","223,562","222,667","222,358","221,525","222,114","221,131","221,785","222,616","222,484","223,821","223,904","223,326","223,391","222,805","222,524",[u]
ITL3,TLM82,Glasgow City,"587,050","582,950","577,020","578,710","576,450","572,270","569,560","569,250","568,460","571,760","576,200","581,620","586,500","593,060","595,070","596,520","599,640","606,340","615,070","621,020","626,410","633,120","635,640","635,130","631,398"
ITL3,TLM83,"Inverclyde, East Renfrewshire, and Renfrewshire","349,470","348,210","347,380","346,410","345,960","344,730","343,950","343,990","343,340","343,820","344,510","344,670","345,620","346,730","346,030","345,760","346,530","347,000","348,900","350,350","351,110","352,430","352,510","353,220","351,144"
ITL3,TLM84,North Lanarkshire,"322,180","322,160","321,390","321,180","322,520","323,700","325,400","327,140","328,740","331,160","333,280","335,160","336,280","337,720","337,890","337,780","338,000","338,260","339,390","339,960","340,180","341,370","341,140","341,400","339,394"
ITL2,TLM9,Southern Scotland,"923,533","920,759","918,379","918,868","918,938","920,836","925,776","929,164","931,870","937,242","941,381","943,131","944,732","946,868","946,094","945,234","944,457","944,592","945,850","946,912","946,849","948,428","946,569","950,207",[u]
ITL3,TLM91,Scottish Borders,"106,040","105,810","106,250","106,950","107,530","108,390","109,450","110,250","110,860","112,200","113,360","113,590","113,700","113,880","113,720","113,880","114,040","114,030","114,530","115,020","115,270","115,510","115,240","116,020","115,338"
ITL3,TLM92,Dumfries and Galloway,"148,740","148,230","147,540","147,780","147,670","147,860","148,700","149,620","149,770","150,370","151,010","151,160","151,100","151,410","150,840","150,280","149,960","149,670","149,520","149,200","148,790","148,860","148,290","148,790","147,916"
ITL3,TLM93,East Ayrshire and North Ayrshire mainland,"252,103","251,289","250,029","249,638","249,278","249,556","250,126","250,414","250,690","251,922","253,091","253,711","254,152","254,698","254,284","253,394","252,627","252,262","252,230","251,842","251,219","250,918","250,079","250,317",[u]
ITL3,TLM94,South Ayrshire,"113,320","112,850","112,290","112,160","111,690","111,550","111,840","112,030","112,100","112,380","112,610","112,490","112,600","112,980","112,920","112,870","112,530","112,400","112,470","112,680","112,550","112,610","112,140","112,450","111,789"
ITL3,TLM95,South Lanarkshire,"303,330","302,580","302,270","302,340","302,770","303,480","305,660","306,850","308,450","310,370","311,310","312,180","313,180","313,900","314,330","314,810","315,300","316,230","317,100","318,170","319,020","320,530","320,820","322,630","320,734"
ITL1,TLN,Northern Ireland,"1,677,769","1,679,006","1,682,944","1,688,838","1,697,534","1,704,924","1,714,042","1,727,733","1,743,113","1,761,683","1,779,152","1,793,333","1,804,833","1,814,318","1,824,603","1,831,677","1,843,186","1,854,943","1,866,042","1,875,178","1,886,259","1,898,519","1,900,523","1,904,564","1,910,543"
ITL2,TLN0,Northern Ireland,"1,677,769","1,679,006","1,682,944","1,688,838","1,697,534","1,704,924","1,714,042","1,727,733","1,743,113","1,761,683","1,779,152","1,793,333","1,804,833","1,814,318","1,824,603","1,831,677","1,843,186","1,854,943","1,866,042","1,875,178","1,886,259","1,898,519","1,900,523","1,904,564","1,910,543"
ITL3,TLN06,Belfast,"338,032","334,408","332,139","328,695","328,471","327,176","326,268","325,483","325,985","327,383","330,052","331,763","333,489","333,895","334,322","335,881","337,872","340,194","341,111","341,915","343,690","345,391","344,994","344,992","348,005"
ITL3,TLN07,"Armagh City, Banbridge and Craigavon","171,085","171,114","173,114","176,014","177,357","178,954","180,828","183,933","187,196","190,505","193,603","196,203","198,202","200,298","202,560","204,072","206,141","208,339","210,924","212,635","214,887","217,069","218,162","219,127","220,271"
ITL3,TLN08,"Newry, Mourne and Down","149,689","151,426","151,343","153,726","154,984","156,395","158,460","160,453","162,723","165,634","168,019","169,652","171,119","172,276","173,754","174,951","175,557","176,559","178,017","179,199","180,205","181,528","181,683","182,345","182,634"
ITL3,TLN09,Ards and North Down,"146,502","147,223","148,370","149,559","150,198","150,424","150,912","152,233","153,488","154,406","155,014","156,058","156,518","156,943","157,794","157,956","158,376","159,362","160,299","160,931","161,816","162,807","163,206","163,827","164,223"
ITL3,TLN0A,Derry City and Strabane,"142,955","144,039","144,438","143,810","144,280","144,629","145,041","145,447","145,855","146,742","147,496","148,053","148,148","148,191","148,666","148,721","149,307","149,589","150,259","150,589","150,712","151,236","150,831","150,834","150,836"
ITL3,TLN0B,Mid Ulster,"117,018","117,496","117,892","119,112","120,214","121,324","122,645","124,885","127,662","131,088","133,595","135,408","137,221","139,011","140,466","141,551","143,217","144,404","145,874","147,002","148,028","149,230","149,747","150,598","151,001"
ITL3,TLN0C,Causeway Coast and Glens,"129,269","129,486","130,248","131,374","132,827","134,152","135,209","136,340","137,438","138,375","139,004","139,616","140,107","140,907","141,147","141,100","141,453","142,052","142,158","142,296","142,404","142,776","142,507","141,664","141,316"
ITL3,TLN0D,Antrim and Newtownabbey,"128,040","128,388","128,800","128,760","129,502","130,356","131,067","132,350","133,216","134,756","136,122","137,422","138,044","138,651","139,397","140,042","140,682","141,364","142,138","142,996","143,952","145,152","145,563","145,852","146,148"
ITL3,TLN0E,Lisburn and Castlereagh,"124,733","124,346","124,560","124,585","124,757","125,001","125,764","127,043","128,185","129,179","130,584","132,386","133,909","135,280","136,498","137,201","139,186","140,938","142,088","143,737","145,644","147,467","148,102","149,272","149,915"
ITL3,TLN0F,Mid and East Antrim,"125,798","126,135","126,956","127,452","128,281","129,181","129,925","130,980","132,021","133,270","134,169","134,774","135,157","135,365","135,837","135,983","136,610","137,085","137,718","138,019","138,592","139,066","139,134","139,127","139,200"
ITL3,TLN0G,Fermanagh and Omagh,"104,648","104,945","105,084","105,751","106,663","107,332","107,923","108,586","109,344","110,345","111,494","111,998","112,919","113,501","114,162","114,219","114,785","115,057","115,456","115,859","116,329","116,797","116,594","116,926","116,994"
Other,TLZ,Extra-Regio,0,0,0,0,0,0,0,0,0,0,0,0,0,0,0,0,0,0,0,0,0,0,0,0,0
UK,UKX,United Kingdom less Extra-Regio,"58,474,943","58,684,427","58,886,065","59,113,016","59,365,677","59,636,662","59,950,364","60,413,276","60,826,967","61,319,075","61,823,772","62,260,486","62,759,456","63,285,145","63,715,943","64,149,121","64,634,893","65,109,358","65,636,941","66,000,892","66,332,727","66,679,607","66,796,967","67,044,988","67,596,279"
